,survived,pclass,sex,age,sibsp,parch,fare,embarked
0,yes,1,female,29.0,0,0,211.3375,S
1,yes,1,male,0.9167,1,2,151.55,S
2,no,1,female,2.0,1,2,151.55,S
3,no,1,male,30.0,1,2,151.55,S
4,no,1,female,25.0,1,2,151.55,S
5,yes,1,male,48.0,0,0,26.55,S
6,yes,1,female,63.0,1,0,77.9583,S
7,no,1,male,39.0,0,0,0.0,S
8,yes,1,female,53.0,2,0,51.4792,S
9,no,1,male,71.0,0,0,49.5042,C
10,no,1,male,47.0,1,0,227.525,C
11,yes,1,female,18.0,1,0,227.525,C
12,yes,1,female,24.0,0,0,69.3,C
13,yes,1,female,26.0,0,0,78.85,S
14,yes,1,male,80.0,0,0,30.0,S
15,no,1,male,,0,0,25.925,S
16,no,1,male,24.0,0,1,247.5208,C
17,yes,1,female,50.0,0,1,247.5208,C
18,yes,1,female,32.0,0,0,76.2917,C
19,no,1,male,36.0,0,0,75.2417,C
20,yes,1,male,37.0,1,1,52.5542,S
21,yes,1,female,47.0,1,1,52.5542,S
22,yes,1,male,26.0,0,0,30.0,C
23,yes,1,female,42.0,0,0,227.525,C
24,yes,1,female,29.0,0,0,221.7792,S
25,no,1,male,25.0,0,0,26.0,C
26,yes,1,male,25.0,1,0,91.0792,C
27,yes,1,female,19.0,1,0,91.0792,C
28,yes,1,female,35.0,0,0,135.6333,S
29,yes,1,male,28.0,0,0,26.55,S
30,no,1,male,45.0,0,0,35.5,S
31,yes,1,male,40.0,0,0,31.0,C
32,yes,1,female,30.0,0,0,164.8667,S
33,yes,1,female,58.0,0,0,26.55,S
34,no,1,male,42.0,0,0,26.55,S
35,yes,1,female,45.0,0,0,262.375,C
36,yes,1,female,22.0,0,1,55.0,S
37,yes,1,male,,0,0,26.55,S
38,no,1,male,41.0,0,0,30.5,S
39,no,1,male,48.0,0,0,50.4958,C
40,no,1,male,,0,0,39.6,C
41,yes,1,female,44.0,0,0,27.7208,C
42,yes,1,female,59.0,2,0,51.4792,S
43,yes,1,female,60.0,0,0,76.2917,C
44,yes,1,female,41.0,0,0,134.5,C
45,no,1,male,45.0,0,0,26.55,S
46,no,1,male,,0,0,31.0,S
47,yes,1,male,42.0,0,0,26.2875,S
48,yes,1,female,53.0,0,0,27.4458,C
49,yes,1,male,36.0,0,1,512.3292,C
50,yes,1,female,58.0,0,1,512.3292,C
51,no,1,male,33.0,0,0,5.0,S
52,no,1,male,28.0,0,0,47.1,S
53,no,1,male,17.0,0,0,47.1,S
54,yes,1,male,11.0,1,2,120.0,S
55,yes,1,female,14.0,1,2,120.0,S
56,yes,1,male,36.0,1,2,120.0,S
57,yes,1,female,36.0,1,2,120.0,S
58,no,1,male,49.0,0,0,26.0,S
59,yes,1,female,,0,0,27.7208,C
60,no,1,male,36.0,1,0,78.85,S
61,yes,1,female,76.0,1,0,78.85,S
62,no,1,male,46.0,1,0,61.175,S
63,yes,1,female,47.0,1,0,61.175,S
64,yes,1,male,27.0,1,0,53.1,S
65,yes,1,female,33.0,1,0,53.1,S
66,yes,1,female,36.0,0,0,262.375,C
67,yes,1,female,30.0,0,0,86.5,S
68,yes,1,male,45.0,0,0,29.7,C
69,yes,1,female,,0,1,55.0,S
70,no,1,male,,0,0,0.0,S
71,no,1,male,27.0,1,0,136.7792,C
72,yes,1,female,26.0,1,0,136.7792,C
73,yes,1,female,22.0,0,0,151.55,S
74,no,1,male,,0,0,52.0,S
75,no,1,male,47.0,0,0,25.5875,S
76,yes,1,female,39.0,1,1,83.1583,C
77,no,1,male,37.0,1,1,83.1583,C
78,yes,1,female,64.0,0,2,83.1583,C
79,yes,1,female,55.0,2,0,25.7,S
80,no,1,male,,0,0,26.55,S
81,no,1,male,70.0,1,1,71.0,S
82,yes,1,female,36.0,0,2,71.0,S
83,yes,1,female,64.0,1,1,26.55,S
84,no,1,male,39.0,1,0,71.2833,C
85,yes,1,female,38.0,1,0,71.2833,C
86,yes,1,male,51.0,0,0,26.55,S
87,yes,1,male,27.0,0,0,30.5,S
88,yes,1,female,33.0,0,0,151.55,S
89,no,1,male,31.0,1,0,52.0,S
90,yes,1,female,27.0,1,2,52.0,S
91,yes,1,male,31.0,1,0,57.0,S
92,yes,1,female,17.0,1,0,57.0,S
93,yes,1,male,53.0,1,1,81.8583,S
94,yes,1,male,4.0,0,2,81.8583,S
95,yes,1,female,54.0,1,1,81.8583,S
96,no,1,male,50.0,1,0,106.425,C
97,yes,1,female,27.0,1,1,247.5208,C
98,yes,1,female,48.0,1,0,106.425,C
99,yes,1,female,48.0,1,0,39.6,C
100,yes,1,male,49.0,1,0,56.9292,C
101,no,1,male,39.0,0,0,29.7,C
102,yes,1,female,23.0,0,1,83.1583,C
103,yes,1,female,38.0,0,0,227.525,C
104,yes,1,female,54.0,1,0,78.2667,C
105,no,1,female,36.0,0,0,31.6792,C
106,no,1,male,,0,0,221.7792,S
107,yes,1,female,,0,0,31.6833,S
108,yes,1,female,,0,0,110.8833,C
109,yes,1,male,36.0,0,0,26.3875,S
110,no,1,male,30.0,0,0,27.75,C
111,yes,1,female,24.0,3,2,263.0,S
112,yes,1,female,28.0,3,2,263.0,S
113,yes,1,female,23.0,3,2,263.0,S
114,no,1,male,19.0,3,2,263.0,S
115,no,1,male,64.0,1,4,263.0,S
116,yes,1,female,60.0,1,4,263.0,S
117,yes,1,female,30.0,0,0,56.9292,C
118,no,1,male,,0,0,26.55,S
119,yes,1,male,50.0,2,0,133.65,S
120,yes,1,male,43.0,1,0,27.7208,C
121,yes,1,female,,1,0,133.65,S
122,yes,1,female,22.0,0,2,49.5,C
123,yes,1,male,60.0,1,1,79.2,C
124,yes,1,female,48.0,1,1,79.2,C
125,no,1,male,,0,0,0.0,S
126,no,1,male,37.0,1,0,53.1,S
127,yes,1,female,35.0,1,0,53.1,S
128,no,1,male,47.0,0,0,38.5,S
129,yes,1,female,35.0,0,0,211.5,C
130,yes,1,female,22.0,0,1,59.4,C
131,yes,1,female,45.0,0,1,59.4,C
132,no,1,male,24.0,0,0,79.2,C
133,yes,1,male,49.0,1,0,89.1042,C
134,yes,1,female,,1,0,89.1042,C
135,no,1,male,71.0,0,0,34.6542,C
136,yes,1,male,53.0,0,0,28.5,C
137,yes,1,female,19.0,0,0,30.0,S
138,no,1,male,38.0,0,1,153.4625,S
139,yes,1,female,58.0,0,1,153.4625,S
140,yes,1,male,23.0,0,1,63.3583,C
141,yes,1,female,45.0,0,1,63.3583,C
142,no,1,male,46.0,0,0,79.2,C
143,yes,1,male,25.0,1,0,55.4417,C
144,yes,1,female,25.0,1,0,55.4417,C
145,yes,1,male,48.0,1,0,76.7292,C
146,yes,1,female,49.0,1,0,76.7292,C
147,no,1,male,,0,0,42.4,S
148,no,1,male,45.0,1,0,83.475,S
149,yes,1,female,35.0,1,0,83.475,S
150,no,1,male,40.0,0,0,0.0,S
151,yes,1,male,27.0,0,0,76.7292,C
152,yes,1,male,,0,0,30.0,S
153,yes,1,female,24.0,0,0,83.1583,C
154,no,1,male,55.0,1,1,93.5,S
155,yes,1,female,52.0,1,1,93.5,S
156,no,1,male,42.0,0,0,42.5,S
157,no,1,male,,0,0,51.8625,S
158,no,1,male,55.0,0,0,50.0,S
159,yes,1,female,16.0,0,1,57.9792,C
160,yes,1,female,44.0,0,1,57.9792,C
161,yes,1,female,51.0,1,0,77.9583,S
162,no,1,male,42.0,1,0,52.0,S
163,yes,1,female,35.0,1,0,52.0,S
164,yes,1,male,35.0,0,0,26.55,C
165,yes,1,male,38.0,1,0,90.0,S
166,no,1,male,,0,0,30.6958,C
167,yes,1,female,35.0,1,0,90.0,S
168,yes,1,female,38.0,0,0,80.0,
169,no,1,female,50.0,0,0,28.7125,C
170,yes,1,male,49.0,0,0,0.0,S
171,no,1,male,46.0,0,0,26.0,S
172,no,1,male,50.0,0,0,26.0,S
173,no,1,male,32.5,0,0,211.5,C
174,no,1,male,58.0,0,0,29.7,C
175,no,1,male,41.0,1,0,51.8625,S
176,yes,1,female,,1,0,51.8625,S
177,yes,1,male,42.0,1,0,52.5542,S
178,yes,1,female,45.0,1,0,52.5542,S
179,no,1,male,,0,0,26.55,S
180,yes,1,female,39.0,0,0,211.3375,S
181,yes,1,female,49.0,0,0,25.9292,S
182,yes,1,female,30.0,0,0,106.425,C
183,yes,1,male,35.0,0,0,512.3292,C
184,no,1,male,,0,0,27.7208,C
185,no,1,male,42.0,0,0,26.55,S
186,yes,1,female,55.0,0,0,27.7208,C
187,yes,1,female,16.0,0,1,39.4,S
188,yes,1,female,51.0,0,1,39.4,S
189,no,1,male,29.0,0,0,30.0,S
190,yes,1,female,21.0,0,0,77.9583,S
191,no,1,male,30.0,0,0,45.5,S
192,yes,1,female,58.0,0,0,146.5208,C
193,yes,1,female,15.0,0,1,211.3375,S
194,no,1,male,30.0,0,0,26.0,S
195,yes,1,female,16.0,0,0,86.5,S
196,yes,1,male,,0,0,29.7,C
197,no,1,male,19.0,1,0,53.1,S
198,yes,1,female,18.0,1,0,53.1,S
199,yes,1,female,24.0,0,0,49.5042,C
200,no,1,male,46.0,0,0,75.2417,C
201,no,1,male,54.0,0,0,51.8625,S
202,yes,1,male,36.0,0,0,26.2875,S
203,no,1,male,28.0,1,0,82.1708,C
204,yes,1,female,,1,0,82.1708,C
205,no,1,male,65.0,0,0,26.55,S
206,no,1,male,44.0,2,0,90.0,Q
207,yes,1,female,33.0,1,0,90.0,Q
208,yes,1,female,37.0,1,0,90.0,Q
209,yes,1,male,30.0,1,0,57.75,C
210,no,1,male,55.0,0,0,30.5,S
211,no,1,male,47.0,0,0,42.4,S
212,no,1,male,37.0,0,1,29.7,C
213,yes,1,female,31.0,1,0,113.275,C
214,yes,1,female,23.0,1,0,113.275,C
215,no,1,male,58.0,0,2,113.275,C
216,yes,1,female,19.0,0,2,26.2833,S
217,no,1,male,64.0,0,0,26.0,S
218,yes,1,female,39.0,0,0,108.9,C
219,yes,1,male,,0,0,25.7417,C
220,yes,1,female,22.0,0,1,61.9792,C
221,no,1,male,65.0,0,1,61.9792,C
222,no,1,male,28.5,0,0,27.7208,C
223,no,1,male,,0,0,0.0,S
224,no,1,male,45.5,0,0,28.5,S
225,no,1,male,23.0,0,0,93.5,S
226,no,1,male,29.0,1,0,66.6,S
227,yes,1,female,22.0,1,0,66.6,S
228,no,1,male,18.0,1,0,108.9,C
229,yes,1,female,17.0,1,0,108.9,C
230,yes,1,female,30.0,0,0,93.5,S
231,yes,1,male,52.0,0,0,30.5,S
232,no,1,male,47.0,0,0,52.0,S
233,yes,1,female,56.0,0,1,83.1583,C
234,no,1,male,38.0,0,0,0.0,S
235,yes,1,male,,0,0,39.6,S
236,no,1,male,22.0,0,0,135.6333,C
237,no,1,male,,0,0,227.525,C
238,yes,1,female,43.0,0,1,211.3375,S
239,no,1,male,31.0,0,0,50.4958,S
240,yes,1,male,45.0,0,0,26.55,S
241,no,1,male,,0,0,50.0,S
242,yes,1,female,33.0,0,0,27.7208,C
243,no,1,male,46.0,0,0,79.2,C
244,no,1,male,36.0,0,0,40.125,C
245,yes,1,female,33.0,0,0,86.5,S
246,no,1,male,55.0,1,0,59.4,C
247,yes,1,female,54.0,1,0,59.4,C
248,no,1,male,33.0,0,0,26.55,S
249,yes,1,male,13.0,2,2,262.375,C
250,yes,1,female,18.0,2,2,262.375,C
251,yes,1,female,21.0,2,2,262.375,C
252,no,1,male,61.0,1,3,262.375,C
253,yes,1,female,48.0,1,3,262.375,C
254,yes,1,male,,0,0,30.5,S
255,yes,1,female,24.0,0,0,69.3,C
256,yes,1,male,,0,0,26.0,S
257,yes,1,female,35.0,1,0,57.75,C
258,yes,1,female,30.0,0,0,31.0,C
259,yes,1,male,34.0,0,0,26.55,S
260,yes,1,female,40.0,0,0,153.4625,S
261,yes,1,male,35.0,0,0,26.2875,S
262,no,1,male,50.0,1,0,55.9,S
263,yes,1,female,39.0,1,0,55.9,S
264,yes,1,male,56.0,0,0,35.5,C
265,yes,1,male,28.0,0,0,35.5,S
266,no,1,male,56.0,0,0,26.55,S
267,no,1,male,56.0,0,0,30.6958,C
268,no,1,male,24.0,1,0,60.0,S
269,no,1,male,,0,0,26.0,S
270,yes,1,female,18.0,1,0,60.0,S
271,yes,1,male,24.0,1,0,82.2667,S
272,yes,1,female,23.0,1,0,82.2667,S
273,yes,1,male,6.0,0,2,134.5,C
274,yes,1,male,45.0,1,1,134.5,C
275,yes,1,female,40.0,1,1,134.5,C
276,no,1,male,57.0,1,0,146.5208,C
277,yes,1,female,,1,0,146.5208,C
278,yes,1,male,32.0,0,0,30.5,C
279,no,1,male,62.0,0,0,26.55,S
280,yes,1,male,54.0,1,0,55.4417,C
281,yes,1,female,43.0,1,0,55.4417,C
282,yes,1,female,52.0,1,0,78.2667,C
283,no,1,male,,0,0,27.7208,C
284,yes,1,female,62.0,0,0,80.0,
285,no,1,male,67.0,1,0,221.7792,S
286,no,1,female,63.0,1,0,221.7792,S
287,no,1,male,61.0,0,0,32.3208,S
288,yes,1,female,48.0,0,0,25.9292,S
289,yes,1,female,18.0,0,2,79.65,S
290,no,1,male,52.0,1,1,79.65,S
291,yes,1,female,39.0,1,1,79.65,S
292,yes,1,male,48.0,1,0,52.0,S
293,yes,1,female,,1,0,52.0,S
294,no,1,male,49.0,1,1,110.8833,C
295,yes,1,male,17.0,0,2,110.8833,C
296,yes,1,female,39.0,1,1,110.8833,C
297,yes,1,female,,0,0,79.2,C
298,yes,1,male,31.0,0,0,28.5375,C
299,no,1,male,40.0,0,0,27.7208,C
300,no,1,male,61.0,0,0,33.5,S
301,no,1,male,47.0,0,0,34.0208,S
302,yes,1,female,35.0,0,0,512.3292,C
303,no,1,male,64.0,1,0,75.25,C
304,yes,1,female,60.0,1,0,75.25,C
305,no,1,male,60.0,0,0,26.55,S
306,no,1,male,54.0,0,1,77.2875,S
307,no,1,male,21.0,0,1,77.2875,S
308,yes,1,female,55.0,0,0,135.6333,C
309,yes,1,female,31.0,0,2,164.8667,S
310,no,1,male,57.0,1,1,164.8667,S
311,yes,1,female,45.0,1,1,164.8667,S
312,no,1,male,50.0,1,1,211.5,C
313,no,1,male,27.0,0,2,211.5,C
314,yes,1,female,50.0,1,1,211.5,C
315,yes,1,female,21.0,0,0,26.55,S
316,no,1,male,51.0,0,1,61.3792,C
317,yes,1,male,21.0,0,1,61.3792,C
318,no,1,male,,0,0,35.0,S
319,yes,1,female,31.0,0,0,134.5,C
320,yes,1,male,,0,0,35.5,S
321,no,1,male,62.0,0,0,26.55,S
322,yes,1,female,36.0,0,0,135.6333,C
323,no,2,male,30.0,1,0,24.0,C
324,yes,2,female,28.0,1,0,24.0,C
325,no,2,male,30.0,0,0,13.0,S
326,no,2,male,18.0,0,0,11.5,S
327,no,2,male,25.0,0,0,10.5,S
328,no,2,male,34.0,1,0,26.0,S
329,yes,2,female,36.0,1,0,26.0,S
330,no,2,male,57.0,0,0,13.0,S
331,no,2,male,18.0,0,0,11.5,S
332,no,2,male,23.0,0,0,10.5,S
333,yes,2,female,36.0,0,0,13.0,S
334,no,2,male,28.0,0,0,10.5,S
335,no,2,male,51.0,0,0,12.525,S
336,yes,2,male,32.0,1,0,26.0,S
337,yes,2,female,19.0,1,0,26.0,S
338,no,2,male,28.0,0,0,26.0,S
339,yes,2,male,1.0,2,1,39.0,S
340,yes,2,female,4.0,2,1,39.0,S
341,yes,2,female,12.0,2,1,39.0,S
342,yes,2,female,36.0,0,3,39.0,S
343,yes,2,male,34.0,0,0,13.0,S
344,yes,2,female,19.0,0,0,13.0,S
345,no,2,male,23.0,0,0,13.0,S
346,no,2,male,26.0,0,0,13.0,S
347,no,2,male,42.0,0,0,13.0,S
348,no,2,male,27.0,0,0,13.0,S
349,yes,2,female,24.0,0,0,13.0,S
350,yes,2,female,15.0,0,2,39.0,S
351,no,2,male,60.0,1,1,39.0,S
352,yes,2,female,40.0,1,1,39.0,S
353,yes,2,female,20.0,1,0,26.0,S
354,no,2,male,25.0,1,0,26.0,S
355,yes,2,female,36.0,0,0,13.0,S
356,no,2,male,25.0,0,0,13.0,S
357,no,2,male,42.0,0,0,13.0,S
358,yes,2,female,42.0,0,0,13.0,S
359,yes,2,male,0.8333,0,2,29.0,S
360,yes,2,male,26.0,1,1,29.0,S
361,yes,2,female,22.0,1,1,29.0,S
362,yes,2,female,35.0,0,0,21.0,S
363,no,2,male,,0,0,0.0,S
364,no,2,male,19.0,0,0,13.0,S
365,no,2,female,44.0,1,0,26.0,S
366,no,2,male,54.0,1,0,26.0,S
367,no,2,male,52.0,0,0,13.5,S
368,no,2,male,37.0,1,0,26.0,S
369,no,2,female,29.0,1,0,26.0,S
370,yes,2,female,25.0,1,1,30.0,S
371,yes,2,female,45.0,0,2,30.0,S
372,no,2,male,29.0,1,0,26.0,S
373,yes,2,female,28.0,1,0,26.0,S
374,no,2,male,29.0,0,0,10.5,S
375,no,2,male,28.0,0,0,13.0,S
376,yes,2,male,24.0,0,0,10.5,S
377,yes,2,female,8.0,0,2,26.25,S
378,no,2,male,31.0,1,1,26.25,S
379,yes,2,female,31.0,1,1,26.25,S
380,yes,2,female,22.0,0,0,10.5,S
381,no,2,female,30.0,0,0,13.0,S
382,no,2,female,,0,0,21.0,S
383,no,2,male,21.0,0,0,11.5,S
384,no,2,male,,0,0,0.0,S
385,yes,2,male,8.0,1,1,36.75,S
386,no,2,male,18.0,0,0,73.5,S
387,yes,2,female,48.0,0,2,36.75,S
388,yes,2,female,28.0,0,0,13.0,S
389,no,2,male,32.0,0,0,13.0,S
390,no,2,male,17.0,0,0,73.5,S
391,no,2,male,29.0,1,0,27.7208,C
392,yes,2,female,24.0,1,0,27.7208,C
393,no,2,male,25.0,0,0,31.5,S
394,no,2,male,18.0,0,0,73.5,S
395,yes,2,female,18.0,0,1,23.0,S
396,yes,2,female,34.0,0,1,23.0,S
397,no,2,male,54.0,0,0,26.0,S
398,yes,2,male,8.0,0,2,32.5,S
399,no,2,male,42.0,1,1,32.5,S
400,yes,2,female,34.0,1,1,32.5,S
401,yes,2,female,27.0,1,0,13.8583,C
402,yes,2,female,30.0,1,0,13.8583,C
403,no,2,male,23.0,0,0,13.0,S
404,no,2,male,21.0,0,0,13.0,S
405,no,2,male,18.0,0,0,13.0,S
406,no,2,male,40.0,1,0,26.0,S
407,yes,2,female,29.0,1,0,26.0,S
408,no,2,male,18.0,0,0,10.5,S
409,no,2,male,36.0,0,0,13.0,S
410,no,2,male,,0,0,0.0,S
411,no,2,female,38.0,0,0,13.0,S
412,no,2,male,35.0,0,0,26.0,S
413,no,2,male,38.0,1,0,21.0,S
414,no,2,male,34.0,1,0,21.0,S
415,yes,2,female,34.0,0,0,13.0,S
416,no,2,male,16.0,0,0,26.0,S
417,no,2,male,26.0,0,0,10.5,S
418,no,2,male,47.0,0,0,10.5,S
419,no,2,male,21.0,1,0,11.5,S
420,no,2,male,21.0,1,0,11.5,S
421,no,2,male,24.0,0,0,13.5,S
422,no,2,male,24.0,0,0,13.0,S
423,no,2,male,34.0,0,0,13.0,S
424,no,2,male,30.0,0,0,13.0,S
425,no,2,male,52.0,0,0,13.0,S
426,no,2,male,30.0,0,0,13.0,S
427,yes,2,male,0.6667,1,1,14.5,S
428,yes,2,female,24.0,0,2,14.5,S
429,no,2,male,44.0,0,0,13.0,S
430,yes,2,female,6.0,0,1,33.0,S
431,no,2,male,28.0,0,1,33.0,S
432,yes,2,male,62.0,0,0,10.5,S
433,no,2,male,30.0,0,0,10.5,S
434,yes,2,female,7.0,0,2,26.25,S
435,no,2,male,43.0,1,1,26.25,S
436,yes,2,female,45.0,1,1,26.25,S
437,yes,2,female,24.0,1,2,65.0,S
438,yes,2,female,24.0,1,2,65.0,S
439,no,2,male,49.0,1,2,65.0,S
440,yes,2,female,48.0,1,2,65.0,S
441,yes,2,female,55.0,0,0,16.0,S
442,no,2,male,24.0,2,0,73.5,S
443,no,2,male,32.0,2,0,73.5,S
444,no,2,male,21.0,2,0,73.5,S
445,no,2,female,18.0,1,1,13.0,S
446,yes,2,female,20.0,2,1,23.0,S
447,no,2,male,23.0,2,1,11.5,S
448,no,2,male,36.0,0,0,13.0,S
449,yes,2,female,54.0,1,3,23.0,S
450,no,2,male,50.0,0,0,13.0,S
451,no,2,male,44.0,1,0,26.0,S
452,yes,2,female,29.0,1,0,26.0,S
453,no,2,male,21.0,0,0,73.5,S
454,yes,2,male,42.0,0,0,13.0,S
455,no,2,male,63.0,1,0,26.0,S
456,no,2,female,60.0,1,0,26.0,S
457,no,2,male,33.0,0,0,12.275,S
458,yes,2,female,17.0,0,0,10.5,S
459,no,2,male,42.0,1,0,27.0,S
460,yes,2,female,24.0,2,1,27.0,S
461,no,2,male,47.0,0,0,15.0,S
462,no,2,male,24.0,2,0,31.5,S
463,no,2,male,22.0,2,0,31.5,S
464,no,2,male,32.0,0,0,10.5,S
465,yes,2,female,23.0,0,0,13.7917,C
466,no,2,male,34.0,1,0,26.0,S
467,yes,2,female,24.0,1,0,26.0,S
468,no,2,female,22.0,0,0,21.0,S
469,yes,2,female,,0,0,12.35,Q
470,no,2,male,35.0,0,0,12.35,Q
471,yes,2,female,45.0,0,0,13.5,S
472,no,2,male,57.0,0,0,12.35,Q
473,no,2,male,,0,0,0.0,S
474,no,2,male,31.0,0,0,10.5,S
475,no,2,female,26.0,1,1,26.0,S
476,no,2,male,30.0,1,1,26.0,S
477,no,2,male,,0,0,10.7083,Q
478,yes,2,female,1.0,1,2,41.5792,C
479,yes,2,female,3.0,1,2,41.5792,C
480,no,2,male,25.0,1,2,41.5792,C
481,yes,2,female,22.0,1,2,41.5792,C
482,yes,2,female,17.0,0,0,12.0,C
483,yes,2,female,,0,0,33.0,S
484,yes,2,female,34.0,0,0,10.5,S
485,no,2,male,36.0,0,0,12.875,C
486,no,2,male,24.0,0,0,10.5,S
487,no,2,male,61.0,0,0,12.35,Q
488,no,2,male,50.0,1,0,26.0,S
489,yes,2,female,42.0,1,0,26.0,S
490,no,2,female,57.0,0,0,10.5,S
491,no,2,male,,0,0,15.0458,C
492,yes,2,male,1.0,0,2,37.0042,C
493,no,2,male,31.0,1,1,37.0042,C
494,yes,2,female,24.0,1,1,37.0042,C
495,no,2,male,,0,0,15.5792,C
496,no,2,male,30.0,0,0,13.0,S
497,no,2,male,40.0,0,0,16.0,S
498,no,2,male,32.0,0,0,13.5,S
499,no,2,male,30.0,0,0,13.0,S
500,no,2,male,46.0,0,0,26.0,S
501,yes,2,female,13.0,0,1,19.5,S
502,yes,2,female,41.0,0,1,19.5,S
503,yes,2,male,19.0,0,0,10.5,S
504,no,2,male,39.0,0,0,13.0,S
505,no,2,male,48.0,0,0,13.0,S
506,no,2,male,70.0,0,0,10.5,S
507,no,2,male,27.0,0,0,13.0,S
508,no,2,male,54.0,0,0,14.0,S
509,no,2,male,39.0,0,0,26.0,S
510,no,2,male,16.0,0,0,10.5,S
511,no,2,male,62.0,0,0,9.6875,Q
512,no,2,male,32.5,1,0,30.0708,C
513,yes,2,female,14.0,1,0,30.0708,C
514,yes,2,male,2.0,1,1,26.0,S
515,yes,2,male,3.0,1,1,26.0,S
516,no,2,male,36.5,0,2,26.0,S
517,no,2,male,26.0,0,0,13.0,S
518,no,2,male,19.0,1,1,36.75,S
519,no,2,male,28.0,0,0,13.5,S
520,yes,2,male,20.0,0,0,13.8625,C
521,yes,2,female,29.0,0,0,10.5,S
522,no,2,male,39.0,0,0,13.0,S
523,yes,2,male,22.0,0,0,10.5,S
524,yes,2,male,,0,0,13.8625,C
525,no,2,male,23.0,0,0,10.5,S
526,yes,2,male,29.0,0,0,13.8583,C
527,no,2,male,28.0,0,0,10.5,S
528,no,2,male,,0,0,0.0,S
529,yes,2,female,50.0,0,1,26.0,S
530,no,2,male,19.0,0,0,10.5,S
531,no,2,male,,0,0,15.05,C
532,no,2,male,41.0,0,0,13.0,S
533,yes,2,female,21.0,0,1,21.0,S
534,yes,2,female,19.0,0,0,26.0,S
535,no,2,male,43.0,0,1,21.0,S
536,yes,2,female,32.0,0,0,13.0,S
537,no,2,male,34.0,0,0,13.0,S
538,yes,2,male,30.0,0,0,12.7375,C
539,no,2,male,27.0,0,0,15.0333,C
540,yes,2,female,2.0,1,1,26.0,S
541,yes,2,female,8.0,1,1,26.0,S
542,yes,2,female,33.0,0,2,26.0,S
543,no,2,male,36.0,0,0,10.5,S
544,no,2,male,34.0,1,0,21.0,S
545,yes,2,female,30.0,3,0,21.0,S
546,yes,2,female,28.0,0,0,13.0,S
547,no,2,male,23.0,0,0,15.0458,C
548,yes,2,male,0.8333,1,1,18.75,S
549,yes,2,male,3.0,1,1,18.75,S
550,yes,2,female,24.0,2,3,18.75,S
551,yes,2,female,50.0,0,0,10.5,S
552,no,2,male,19.0,0,0,10.5,S
553,yes,2,female,21.0,0,0,10.5,S
554,no,2,male,26.0,0,0,13.0,S
555,no,2,male,25.0,0,0,13.0,S
556,no,2,male,27.0,0,0,26.0,S
557,yes,2,female,25.0,0,1,26.0,S
558,yes,2,female,18.0,0,2,13.0,S
559,yes,2,female,20.0,0,0,36.75,S
560,yes,2,female,30.0,0,0,13.0,S
561,no,2,male,59.0,0,0,13.5,S
562,yes,2,female,30.0,0,0,12.35,Q
563,no,2,male,35.0,0,0,10.5,S
564,yes,2,female,40.0,0,0,13.0,S
565,no,2,male,25.0,0,0,13.0,S
566,no,2,male,41.0,0,0,15.0458,C
567,no,2,male,25.0,0,0,10.5,S
568,no,2,male,18.5,0,0,13.0,S
569,no,2,male,14.0,0,0,65.0,S
570,yes,2,female,50.0,0,0,10.5,S
571,no,2,male,23.0,0,0,13.0,S
572,yes,2,female,28.0,0,0,12.65,S
573,yes,2,female,27.0,0,0,10.5,S
574,no,2,male,29.0,1,0,21.0,S
575,no,2,female,27.0,1,0,21.0,S
576,no,2,male,40.0,0,0,13.0,S
577,yes,2,female,31.0,0,0,21.0,S
578,no,2,male,30.0,1,0,21.0,S
579,no,2,male,23.0,1,0,10.5,S
580,yes,2,female,31.0,0,0,21.0,S
581,no,2,male,,0,0,0.0,S
582,yes,2,female,12.0,0,0,15.75,S
583,yes,2,female,40.0,0,0,15.75,S
584,yes,2,female,32.5,0,0,13.0,S
585,no,2,male,27.0,1,0,26.0,S
586,yes,2,female,29.0,1,0,26.0,S
587,yes,2,male,2.0,1,1,23.0,S
588,yes,2,female,4.0,1,1,23.0,S
589,yes,2,female,29.0,0,2,23.0,S
590,yes,2,female,0.9167,1,2,27.75,S
591,yes,2,female,5.0,1,2,27.75,S
592,no,2,male,36.0,1,2,27.75,S
593,yes,2,female,33.0,1,2,27.75,S
594,no,2,male,66.0,0,0,10.5,S
595,no,2,male,,0,0,12.875,S
596,yes,2,male,31.0,0,0,13.0,S
597,yes,2,male,,0,0,13.0,S
598,yes,2,female,26.0,0,0,13.5,S
599,no,2,female,24.0,0,0,13.0,S
600,no,3,male,42.0,0,0,7.55,S
601,no,3,male,13.0,0,2,20.25,S
602,no,3,male,16.0,1,1,20.25,S
603,yes,3,female,35.0,1,1,20.25,S
604,yes,3,female,16.0,0,0,7.65,S
605,yes,3,male,25.0,0,0,7.65,S
606,yes,3,male,20.0,0,0,7.925,S
607,yes,3,female,18.0,0,0,7.2292,C
608,no,3,male,30.0,0,0,7.25,S
609,no,3,male,26.0,0,0,8.05,S
610,no,3,female,40.0,1,0,9.475,S
611,yes,3,male,0.8333,0,1,9.35,S
612,yes,3,female,18.0,0,1,9.35,S
613,yes,3,male,26.0,0,0,18.7875,C
614,no,3,male,26.0,0,0,7.8875,S
615,no,3,male,20.0,0,0,7.925,S
616,no,3,male,24.0,0,0,7.05,S
617,no,3,male,25.0,0,0,7.05,S
618,no,3,male,35.0,0,0,8.05,S
619,no,3,male,18.0,0,0,8.3,S
620,no,3,male,32.0,0,0,22.525,S
621,yes,3,female,19.0,1,0,7.8542,S
622,no,3,male,4.0,4,2,31.275,S
623,no,3,female,6.0,4,2,31.275,S
624,no,3,female,2.0,4,2,31.275,S
625,yes,3,female,17.0,4,2,7.925,S
626,no,3,female,38.0,4,2,7.775,S
627,no,3,female,9.0,4,2,31.275,S
628,no,3,female,11.0,4,2,31.275,S
629,no,3,male,39.0,1,5,31.275,S
630,yes,3,male,27.0,0,0,7.7958,S
631,no,3,male,26.0,0,0,7.775,S
632,no,3,female,39.0,1,5,31.275,S
633,no,3,male,20.0,0,0,7.8542,S
634,no,3,male,26.0,0,0,7.8958,S
635,no,3,male,25.0,1,0,17.8,S
636,no,3,female,18.0,1,0,17.8,S
637,no,3,male,24.0,0,0,7.775,S
638,no,3,male,35.0,0,0,7.05,S
639,no,3,male,5.0,4,2,31.3875,S
640,no,3,male,9.0,4,2,31.3875,S
641,yes,3,male,3.0,4,2,31.3875,S
642,no,3,male,13.0,4,2,31.3875,S
643,yes,3,female,5.0,4,2,31.3875,S
644,no,3,male,40.0,1,5,31.3875,S
645,yes,3,male,23.0,0,0,7.7958,S
646,yes,3,female,38.0,1,5,31.3875,S
647,yes,3,female,45.0,0,0,7.225,C
648,no,3,male,21.0,0,0,7.225,C
649,no,3,male,23.0,0,0,7.05,S
650,no,3,female,17.0,0,0,14.4583,C
651,no,3,male,30.0,0,0,7.225,C
652,no,3,male,23.0,0,0,7.8542,S
653,yes,3,female,13.0,0,0,7.2292,C
654,no,3,male,20.0,0,0,7.225,C
655,no,3,male,32.0,1,0,15.85,S
656,yes,3,female,33.0,3,0,15.85,S
657,yes,3,female,0.75,2,1,19.2583,C
658,yes,3,female,0.75,2,1,19.2583,C
659,yes,3,female,5.0,2,1,19.2583,C
660,yes,3,female,24.0,0,3,19.2583,C
661,yes,3,female,18.0,0,0,8.05,S
662,no,3,male,40.0,0,0,7.225,C
663,no,3,male,26.0,0,0,7.8958,S
664,yes,3,male,20.0,0,0,7.2292,C
665,no,3,female,18.0,0,1,14.4542,C
666,no,3,female,45.0,0,1,14.4542,C
667,no,3,female,27.0,0,0,7.8792,Q
668,no,3,male,22.0,0,0,8.05,S
669,no,3,male,19.0,0,0,8.05,S
670,no,3,male,26.0,0,0,7.775,S
671,no,3,male,22.0,0,0,9.35,S
672,no,3,male,,0,0,7.2292,C
673,no,3,male,20.0,0,0,4.0125,C
674,yes,3,male,32.0,0,0,56.4958,S
675,no,3,male,21.0,0,0,7.775,S
676,no,3,male,18.0,0,0,7.75,S
677,no,3,male,26.0,0,0,7.8958,S
678,no,3,male,6.0,1,1,15.2458,C
679,no,3,female,9.0,1,1,15.2458,C
680,no,3,male,,0,0,7.225,C
681,no,3,female,,0,2,15.2458,C
682,no,3,female,,0,2,7.75,Q
683,no,3,male,40.0,1,1,15.5,Q
684,no,3,female,32.0,1,1,15.5,Q
685,no,3,male,21.0,0,0,16.1,S
686,yes,3,female,22.0,0,0,7.725,Q
687,no,3,female,20.0,0,0,7.8542,S
688,no,3,male,29.0,1,0,7.0458,S
689,no,3,male,22.0,1,0,7.25,S
690,no,3,male,22.0,0,0,7.7958,S
691,no,3,male,35.0,0,0,8.05,S
692,no,3,female,18.5,0,0,7.2833,Q
693,yes,3,male,21.0,0,0,7.8208,Q
694,no,3,male,19.0,0,0,6.75,Q
695,no,3,female,18.0,0,0,7.8792,Q
696,no,3,female,21.0,0,0,8.6625,S
697,no,3,female,30.0,0,0,8.6625,S
698,no,3,male,18.0,0,0,8.6625,S
699,no,3,male,38.0,0,0,8.6625,S
700,no,3,male,17.0,0,0,8.6625,S
701,no,3,male,17.0,0,0,8.6625,S
702,no,3,female,21.0,0,0,7.75,Q
703,no,3,male,21.0,0,0,7.75,Q
704,no,3,male,21.0,0,0,8.05,S
705,no,3,male,,1,0,14.4583,C
706,no,3,female,,1,0,14.4583,C
707,no,3,male,28.0,0,0,7.7958,S
708,no,3,male,24.0,0,0,7.8542,S
709,yes,3,female,16.0,0,0,7.75,Q
710,no,3,female,37.0,0,0,7.75,Q
711,no,3,male,28.0,0,0,7.25,S
712,no,3,male,24.0,0,0,8.05,S
713,no,3,male,21.0,0,0,7.7333,Q
714,yes,3,male,32.0,0,0,56.4958,S
715,no,3,male,29.0,0,0,8.05,S
716,no,3,male,26.0,1,0,14.4542,C
717,no,3,male,18.0,1,0,14.4542,C
718,no,3,male,20.0,0,0,7.05,S
719,yes,3,male,18.0,0,0,8.05,S
720,no,3,male,24.0,0,0,7.25,Q
721,no,3,male,36.0,0,0,7.4958,S
722,no,3,male,24.0,0,0,7.4958,S
723,no,3,male,31.0,0,0,7.7333,Q
724,no,3,male,31.0,0,0,7.75,Q
725,yes,3,female,22.0,0,0,7.75,Q
726,no,3,female,30.0,0,0,7.6292,Q
727,no,3,male,70.5,0,0,7.75,Q
728,no,3,male,43.0,0,0,8.05,S
729,no,3,male,35.0,0,0,7.8958,S
730,no,3,male,27.0,0,0,7.8958,S
731,no,3,male,19.0,0,0,7.8958,S
732,no,3,male,30.0,0,0,8.05,S
733,yes,3,male,9.0,1,1,15.9,S
734,yes,3,male,3.0,1,1,15.9,S
735,yes,3,female,36.0,0,2,15.9,S
736,no,3,male,59.0,0,0,7.25,S
737,no,3,male,19.0,0,0,8.1583,S
738,yes,3,female,17.0,0,1,16.1,S
739,no,3,male,44.0,0,1,16.1,S
740,no,3,male,17.0,0,0,8.6625,S
741,no,3,male,22.5,0,0,7.225,C
742,yes,3,male,45.0,0,0,8.05,S
743,no,3,female,22.0,0,0,10.5167,S
744,no,3,male,19.0,0,0,10.1708,S
745,yes,3,female,30.0,0,0,6.95,Q
746,yes,3,male,29.0,0,0,7.75,Q
747,no,3,male,0.3333,0,2,14.4,S
748,no,3,male,34.0,1,1,14.4,S
749,no,3,female,28.0,1,1,14.4,S
750,no,3,male,27.0,0,0,7.8958,S
751,no,3,male,25.0,0,0,7.8958,S
752,no,3,male,24.0,2,0,24.15,S
753,no,3,male,22.0,0,0,8.05,S
754,no,3,male,21.0,2,0,24.15,S
755,no,3,male,17.0,2,0,8.05,S
756,no,3,male,,1,0,16.1,S
757,yes,3,female,,1,0,16.1,S
758,yes,3,male,36.5,1,0,17.4,S
759,yes,3,female,36.0,1,0,17.4,S
760,yes,3,male,30.0,0,0,9.5,S
761,no,3,male,16.0,0,0,9.5,S
762,yes,3,male,1.0,1,2,20.575,S
763,yes,3,female,0.1667,1,2,20.575,S
764,no,3,male,26.0,1,2,20.575,S
765,yes,3,female,33.0,1,2,20.575,S
766,no,3,male,25.0,0,0,7.8958,S
767,no,3,male,,0,0,7.8958,S
768,no,3,male,,0,0,7.8958,S
769,no,3,male,22.0,0,0,7.25,S
770,no,3,male,36.0,0,0,7.25,S
771,yes,3,female,19.0,0,0,7.8792,Q
772,no,3,male,17.0,0,0,7.8958,S
773,no,3,male,42.0,0,0,8.6625,S
774,no,3,male,43.0,0,0,7.8958,S
775,no,3,male,,0,0,7.2292,C
776,no,3,male,32.0,0,0,7.75,Q
777,yes,3,male,19.0,0,0,8.05,S
778,yes,3,female,30.0,0,0,12.475,S
779,no,3,female,24.0,0,0,7.75,Q
780,yes,3,female,23.0,0,0,8.05,S
781,no,3,male,33.0,0,0,7.8958,C
782,no,3,male,65.0,0,0,7.75,Q
783,yes,3,male,24.0,0,0,7.55,S
784,no,3,male,23.0,1,0,13.9,S
785,yes,3,female,22.0,1,0,13.9,S
786,no,3,male,18.0,0,0,7.775,S
787,no,3,male,16.0,0,0,7.775,S
788,no,3,male,45.0,0,0,6.975,S
789,no,3,male,,0,0,7.225,C
790,no,3,male,39.0,0,2,7.2292,C
791,no,3,male,17.0,1,1,7.2292,C
792,no,3,male,15.0,1,1,7.2292,C
793,no,3,male,47.0,0,0,7.25,S
794,yes,3,female,5.0,0,0,12.475,S
795,no,3,male,,0,0,7.225,C
796,no,3,male,40.5,0,0,15.1,S
797,no,3,male,40.5,0,0,7.75,Q
798,yes,3,male,,0,0,7.05,S
799,no,3,male,18.0,0,0,7.7958,S
800,no,3,female,,0,0,7.75,Q
801,no,3,male,,0,0,7.75,Q
802,no,3,male,,0,0,6.95,Q
803,no,3,male,26.0,0,0,7.8792,Q
804,no,3,male,,0,0,7.75,Q
805,yes,3,male,,0,0,56.4958,S
806,no,3,female,21.0,2,2,34.375,S
807,no,3,female,9.0,2,2,34.375,S
808,no,3,male,,0,0,8.05,S
809,no,3,male,18.0,2,2,34.375,S
810,no,3,male,16.0,1,3,34.375,S
811,no,3,female,48.0,1,3,34.375,S
812,no,3,male,,0,0,7.75,Q
813,no,3,male,,0,0,7.25,S
814,no,3,male,25.0,0,0,7.7417,Q
815,no,3,male,,0,0,14.5,S
816,no,3,male,,0,0,7.8958,C
817,no,3,male,22.0,0,0,8.05,S
818,yes,3,female,16.0,0,0,7.7333,Q
819,yes,3,female,,0,0,7.75,Q
820,yes,3,male,9.0,0,2,20.525,S
821,no,3,male,33.0,1,1,20.525,S
822,no,3,male,41.0,0,0,7.85,S
823,yes,3,female,31.0,1,1,20.525,S
824,no,3,male,38.0,0,0,7.05,S
825,no,3,male,9.0,5,2,46.9,S
826,no,3,male,1.0,5,2,46.9,S
827,no,3,male,11.0,5,2,46.9,S
828,no,3,female,10.0,5,2,46.9,S
829,no,3,female,16.0,5,2,46.9,S
830,no,3,male,14.0,5,2,46.9,S
831,no,3,male,40.0,1,6,46.9,S
832,no,3,female,43.0,1,6,46.9,S
833,no,3,male,51.0,0,0,8.05,S
834,no,3,male,32.0,0,0,8.3625,S
835,no,3,male,,0,0,8.05,S
836,no,3,male,20.0,0,0,9.8458,S
837,no,3,male,37.0,2,0,7.925,S
838,no,3,male,28.0,2,0,7.925,S
839,no,3,male,19.0,0,0,7.775,S
840,no,3,female,24.0,0,0,8.85,S
841,no,3,female,17.0,0,0,7.7333,Q
842,no,3,male,,1,0,19.9667,S
843,no,3,male,,1,0,19.9667,S
844,no,3,male,28.0,1,0,15.85,S
845,yes,3,female,24.0,1,0,15.85,S
846,no,3,male,20.0,0,0,9.5,S
847,no,3,male,23.5,0,0,7.2292,C
848,no,3,male,41.0,2,0,14.1083,S
849,no,3,male,26.0,1,0,7.8542,S
850,no,3,male,21.0,0,0,7.8542,S
851,yes,3,female,45.0,1,0,14.1083,S
852,no,3,female,,0,0,7.55,S
853,no,3,male,25.0,0,0,7.25,S
854,no,3,male,,0,0,6.8583,Q
855,no,3,male,11.0,0,0,18.7875,C
856,yes,3,female,,0,0,7.75,Q
857,yes,3,male,27.0,0,0,6.975,S
858,yes,3,male,,0,0,56.4958,S
859,no,3,female,18.0,0,0,6.75,Q
860,yes,3,female,26.0,0,0,7.925,S
861,no,3,female,23.0,0,0,7.925,S
862,yes,3,female,22.0,0,0,8.9625,S
863,no,3,male,28.0,0,0,7.8958,S
864,no,3,female,28.0,0,0,7.775,S
865,no,3,female,,0,0,7.75,Q
866,yes,3,female,2.0,0,1,12.2875,S
867,yes,3,female,22.0,1,1,12.2875,S
868,no,3,male,43.0,0,0,6.45,S
869,no,3,male,28.0,0,0,22.525,S
870,yes,3,female,27.0,0,0,7.925,S
871,no,3,male,,0,0,7.75,Q
872,yes,3,female,,0,0,8.05,S
873,no,3,male,42.0,0,0,7.65,S
874,yes,3,male,,0,0,7.8875,S
875,no,3,male,30.0,0,0,7.2292,C
876,no,3,male,,0,0,7.8958,S
877,no,3,female,27.0,1,0,7.925,S
878,no,3,female,25.0,1,0,7.925,S
879,no,3,male,,0,0,7.8958,S
880,yes,3,male,29.0,0,0,7.8958,C
881,yes,3,male,21.0,0,0,7.7958,S
882,no,3,male,,0,0,7.05,S
883,no,3,male,20.0,0,0,7.8542,S
884,no,3,male,48.0,0,0,7.8542,S
885,no,3,male,17.0,1,0,7.0542,S
886,yes,3,female,,0,0,7.75,Q
887,yes,3,male,,0,0,8.1125,S
888,no,3,male,34.0,0,0,6.4958,S
889,yes,3,male,26.0,0,0,7.775,S
890,no,3,male,22.0,0,0,7.7958,S
891,no,3,male,33.0,0,0,8.6542,S
892,no,3,male,31.0,0,0,7.775,S
893,no,3,male,29.0,0,0,7.8542,S
894,yes,3,male,4.0,1,1,11.1333,S
895,yes,3,female,1.0,1,1,11.1333,S
896,no,3,male,49.0,0,0,0.0,S
897,no,3,male,33.0,0,0,7.775,S
898,no,3,male,19.0,0,0,0.0,S
899,yes,3,female,27.0,0,2,11.1333,S
900,no,3,male,,1,2,23.45,S
901,no,3,female,,1,2,23.45,S
902,no,3,male,,1,2,23.45,S
903,no,3,female,,1,2,23.45,S
904,no,3,male,23.0,0,0,7.8958,S
905,yes,3,male,32.0,0,0,7.8542,S
906,no,3,male,27.0,0,0,7.8542,S
907,no,3,female,20.0,1,0,9.825,S
908,no,3,female,21.0,1,0,9.825,S
909,yes,3,male,32.0,0,0,7.925,S
910,no,3,male,17.0,0,0,7.125,S
911,no,3,male,21.0,0,0,8.4333,S
912,no,3,male,30.0,0,0,7.8958,S
913,yes,3,male,21.0,0,0,7.7958,S
914,no,3,male,33.0,0,0,7.8542,S
915,no,3,male,22.0,0,0,7.5208,S
916,yes,3,female,4.0,0,1,13.4167,C
917,yes,3,male,39.0,0,1,13.4167,C
918,no,3,male,,0,0,7.2292,C
919,no,3,male,18.5,0,0,7.2292,C
920,no,3,male,,0,0,7.75,Q
921,no,3,male,,0,0,7.25,S
922,yes,3,female,,0,0,7.75,Q
923,yes,3,female,,0,0,7.75,Q
924,no,3,male,34.5,0,0,7.8292,Q
925,no,3,male,44.0,0,0,8.05,S
926,yes,3,male,,0,0,7.75,Q
927,no,3,male,,1,0,14.4542,C
928,no,3,female,,1,0,14.4542,C
929,no,3,male,,1,0,7.75,Q
930,no,3,male,,1,0,7.75,Q
931,no,3,male,,0,0,7.7375,Q
932,no,3,female,22.0,2,0,8.6625,S
933,no,3,male,26.0,2,0,8.6625,S
934,yes,3,female,4.0,0,2,22.025,S
935,yes,3,male,29.0,3,1,22.025,S
936,yes,3,female,26.0,1,1,22.025,S
937,no,3,female,1.0,1,1,12.1833,S
938,no,3,male,18.0,1,1,7.8542,S
939,no,3,female,36.0,0,2,12.1833,S
940,no,3,male,,0,0,7.8958,C
941,yes,3,male,25.0,0,0,7.2292,C
942,no,3,male,,0,0,7.225,C
943,no,3,female,37.0,0,0,9.5875,S
944,no,3,male,,0,0,7.8958,S
945,yes,3,male,,0,0,56.4958,S
946,no,3,male,,0,0,56.4958,S
947,yes,3,female,22.0,0,0,7.25,S
948,no,3,male,,0,0,7.75,Q
949,yes,3,male,26.0,0,0,56.4958,S
950,no,3,male,29.0,0,0,9.4833,S
951,no,3,male,29.0,0,0,7.775,S
952,no,3,male,22.0,0,0,7.775,S
953,yes,3,male,22.0,0,0,7.225,C
954,no,3,male,,3,1,25.4667,S
955,no,3,female,,3,1,25.4667,S
956,no,3,female,,3,1,25.4667,S
957,no,3,female,,3,1,25.4667,S
958,no,3,female,,0,4,25.4667,S
959,no,3,male,32.0,0,0,7.925,S
960,no,3,male,34.5,0,0,6.4375,C
961,no,3,female,,1,0,15.5,Q
962,no,3,male,,1,0,15.5,Q
963,no,3,male,36.0,0,0,0.0,S
964,no,3,male,39.0,0,0,24.15,S
965,no,3,male,24.0,0,0,9.5,S
966,no,3,female,25.0,0,0,7.775,S
967,no,3,female,45.0,0,0,7.75,S
968,no,3,male,36.0,1,0,15.55,S
969,no,3,female,30.0,1,0,15.55,S
970,yes,3,male,20.0,1,0,7.925,S
971,no,3,male,,0,0,7.8792,Q
972,no,3,male,28.0,0,0,56.4958,S
973,no,3,male,,0,0,7.55,S
974,no,3,male,30.0,1,0,16.1,S
975,no,3,female,26.0,1,0,16.1,S
976,no,3,male,,0,0,7.8792,S
977,no,3,male,20.5,0,0,7.25,S
978,yes,3,male,27.0,0,0,8.6625,S
979,no,3,male,51.0,0,0,7.0542,S
980,yes,3,female,23.0,0,0,7.8542,S
981,yes,3,male,32.0,0,0,7.5792,S
982,no,3,male,,0,0,7.8958,S
983,no,3,male,,0,0,7.55,S
984,yes,3,female,,0,0,7.75,Q
985,yes,3,male,24.0,0,0,7.1417,S
986,no,3,male,22.0,0,0,7.125,S
987,no,3,female,,0,0,7.8792,Q
988,no,3,male,,0,0,7.75,Q
989,no,3,male,,0,0,8.05,S
990,no,3,male,29.0,0,0,7.925,S
991,yes,3,male,,0,0,7.2292,C
992,no,3,female,30.5,0,0,7.75,Q
993,yes,3,female,,0,0,7.7375,Q
994,no,3,male,,0,0,7.2292,C
995,no,3,male,35.0,0,0,7.8958,C
996,no,3,male,33.0,0,0,7.8958,S
997,yes,3,female,,0,0,7.225,C
998,no,3,male,,0,0,7.8958,C
999,yes,3,female,,0,0,7.75,Q
1000,yes,3,male,,0,0,7.75,Q
1001,yes,3,female,,2,0,23.25,Q
1002,yes,3,female,,2,0,23.25,Q
1003,yes,3,male,,2,0,23.25,Q
1004,yes,3,female,,0,0,7.7875,Q
1005,no,3,male,,0,0,15.5,Q
1006,yes,3,female,,0,0,7.8792,Q
1007,yes,3,female,15.0,0,0,8.0292,Q
1008,no,3,female,35.0,0,0,7.75,Q
1009,no,3,male,,0,0,7.75,Q
1010,no,3,male,24.0,1,0,16.1,S
1011,no,3,female,19.0,1,0,16.1,S
1012,no,3,female,,0,0,7.75,Q
1013,no,3,female,,0,0,8.05,S
1014,no,3,female,,0,0,8.05,S
1015,no,3,male,55.5,0,0,8.05,S
1016,no,3,male,,0,0,7.75,Q
1017,yes,3,male,21.0,0,0,7.775,S
1018,no,3,male,,0,0,8.05,S
1019,no,3,male,24.0,0,0,7.8958,S
1020,no,3,male,21.0,0,0,7.8958,S
1021,no,3,male,28.0,0,0,7.8958,S
1022,no,3,male,,0,0,7.8958,S
1023,yes,3,female,,0,0,7.8792,Q
1024,no,3,male,25.0,0,0,7.65,S
1025,yes,3,male,6.0,0,1,12.475,S
1026,yes,3,female,27.0,0,1,12.475,S
1027,no,3,male,,0,0,8.05,S
1028,yes,3,female,,1,0,24.15,Q
1029,no,3,male,,1,0,24.15,Q
1030,no,3,male,,0,0,8.4583,Q
1031,no,3,male,34.0,0,0,8.05,S
1032,no,3,male,,0,0,7.75,Q
1033,yes,3,male,,0,0,7.775,S
1034,yes,3,male,,1,1,15.2458,C
1035,yes,3,male,,1,1,15.2458,C
1036,yes,3,female,,0,2,15.2458,C
1037,yes,3,female,,0,0,7.2292,C
1038,no,3,male,,0,0,8.05,S
1039,yes,3,female,,0,0,7.7333,Q
1040,yes,3,female,24.0,0,0,7.75,Q
1041,no,3,male,,0,0,8.05,S
1042,yes,3,female,,1,0,15.5,Q
1043,yes,3,female,,1,0,15.5,Q
1044,yes,3,female,,0,0,15.5,Q
1045,no,3,male,18.0,0,0,7.75,S
1046,no,3,male,22.0,0,0,7.8958,S
1047,yes,3,female,15.0,0,0,7.225,C
1048,yes,3,female,1.0,0,2,15.7417,C
1049,yes,3,male,20.0,1,1,15.7417,C
1050,yes,3,female,19.0,1,1,15.7417,C
1051,no,3,male,33.0,0,0,8.05,S
1052,no,3,male,,0,0,7.8958,S
1053,no,3,male,,0,0,7.2292,C
1054,no,3,female,,0,0,7.75,Q
1055,no,3,male,,0,0,7.8958,S
1056,yes,3,male,12.0,1,0,11.2417,C
1057,yes,3,female,14.0,1,0,11.2417,C
1058,no,3,female,29.0,0,0,7.925,S
1059,no,3,male,28.0,0,0,8.05,S
1060,yes,3,female,18.0,0,0,7.775,S
1061,yes,3,female,26.0,0,0,7.8542,S
1062,no,3,male,21.0,0,0,7.8542,S
1063,no,3,male,41.0,0,0,7.125,S
1064,yes,3,male,39.0,0,0,7.925,S
1065,no,3,male,21.0,0,0,7.8,S
1066,no,3,male,28.5,0,0,7.2292,C
1067,yes,3,female,22.0,0,0,7.75,S
1068,no,3,male,61.0,0,0,6.2375,S
1069,no,3,male,,1,0,15.5,Q
1070,no,3,male,,0,0,7.8292,Q
1071,yes,3,female,,1,0,15.5,Q
1072,no,3,male,,0,0,7.7333,Q
1073,no,3,male,,0,0,7.75,Q
1074,no,3,male,,0,0,7.75,Q
1075,no,3,male,23.0,0,0,9.225,S
1076,no,3,female,,0,0,7.75,Q
1077,yes,3,female,,0,0,7.75,Q
1078,yes,3,female,,0,0,7.8792,Q
1079,yes,3,female,22.0,0,0,7.775,S
1080,yes,3,male,,0,0,7.75,Q
1081,yes,3,female,,0,0,7.8292,Q
1082,yes,3,male,9.0,0,1,3.1708,S
1083,no,3,male,28.0,0,0,22.525,S
1084,no,3,male,42.0,0,1,8.4042,S
1085,no,3,male,,0,0,7.3125,S
1086,no,3,female,31.0,0,0,7.8542,S
1087,no,3,male,28.0,0,0,7.8542,S
1088,yes,3,male,32.0,0,0,7.775,S
1089,no,3,male,20.0,0,0,9.225,S
1090,no,3,female,23.0,0,0,8.6625,S
1091,no,3,female,20.0,0,0,8.6625,S
1092,no,3,male,20.0,0,0,8.6625,S
1093,no,3,male,16.0,0,0,9.2167,S
1094,yes,3,female,31.0,0,0,8.6833,S
1095,no,3,female,,0,0,7.6292,Q
1096,no,3,male,2.0,3,1,21.075,S
1097,no,3,male,6.0,3,1,21.075,S
1098,no,3,female,3.0,3,1,21.075,S
1099,no,3,female,8.0,3,1,21.075,S
1100,no,3,female,29.0,0,4,21.075,S
1101,no,3,male,1.0,4,1,39.6875,S
1102,no,3,male,7.0,4,1,39.6875,S
1103,no,3,male,2.0,4,1,39.6875,S
1104,no,3,male,16.0,4,1,39.6875,S
1105,no,3,male,14.0,4,1,39.6875,S
1106,no,3,female,41.0,0,5,39.6875,S
1107,no,3,male,21.0,0,0,8.6625,S
1108,no,3,male,19.0,0,0,14.5,S
1109,no,3,male,,0,0,8.7125,C
1110,no,3,male,32.0,0,0,7.8958,S
1111,no,3,male,0.75,1,1,13.775,S
1112,no,3,female,3.0,1,1,13.775,S
1113,no,3,female,26.0,0,2,13.775,S
1114,no,3,male,,0,0,7.0,S
1115,no,3,male,,0,0,7.775,S
1116,no,3,male,,0,0,8.05,S
1117,no,3,male,21.0,0,0,7.925,S
1118,no,3,male,25.0,0,0,7.925,S
1119,no,3,male,22.0,0,0,7.25,S
1120,yes,3,male,25.0,1,0,7.775,S
1121,yes,3,male,,1,1,22.3583,C
1122,yes,3,female,,1,1,22.3583,C
1123,yes,3,female,,0,2,22.3583,C
1124,no,3,female,,0,0,8.1375,Q
1125,no,3,male,24.0,0,0,8.05,S
1126,no,3,female,28.0,0,0,7.8958,S
1127,no,3,male,19.0,0,0,7.8958,S
1128,no,3,male,,0,0,7.8958,S
1129,no,3,male,25.0,1,0,7.775,S
1130,no,3,female,18.0,0,0,7.775,S
1131,yes,3,male,32.0,0,0,8.05,S
1132,no,3,male,,0,0,7.8958,S
1133,no,3,male,17.0,0,0,8.6625,S
1134,no,3,male,24.0,0,0,8.6625,S
1135,no,3,male,,0,0,7.8958,S
1136,no,3,female,,0,0,8.1125,S
1137,no,3,male,,0,0,7.2292,C
1138,no,3,male,,0,0,7.25,S
1139,no,3,male,38.0,0,0,7.8958,S
1140,no,3,male,21.0,0,0,8.05,S
1141,no,3,male,10.0,4,1,29.125,Q
1142,no,3,male,4.0,4,1,29.125,Q
1143,no,3,male,7.0,4,1,29.125,Q
1144,no,3,male,2.0,4,1,29.125,Q
1145,no,3,male,8.0,4,1,29.125,Q
1146,no,3,female,39.0,0,5,29.125,Q
1147,no,3,female,22.0,0,0,39.6875,S
1148,no,3,male,35.0,0,0,7.125,S
1149,yes,3,female,,0,0,7.7208,Q
1150,no,3,male,,0,0,14.5,S
1151,no,3,female,,0,0,14.5,S
1152,no,3,male,50.0,1,0,14.5,S
1153,no,3,female,47.0,1,0,14.5,S
1154,no,3,male,,0,0,8.05,S
1155,no,3,male,,0,0,7.775,S
1156,no,3,female,2.0,1,1,20.2125,S
1157,no,3,male,18.0,1,1,20.2125,S
1158,no,3,female,41.0,0,2,20.2125,S
1159,yes,3,female,,0,0,8.05,S
1160,no,3,male,50.0,0,0,8.05,S
1161,no,3,male,16.0,0,0,8.05,S
1162,yes,3,male,,0,0,7.75,Q
1163,no,3,male,,0,0,24.15,Q
1164,no,3,male,,0,0,7.2292,C
1165,no,3,male,25.0,0,0,7.225,C
1166,no,3,male,,0,0,7.225,C
1167,no,3,male,,0,0,7.7292,Q
1168,no,3,male,,0,0,7.575,S
1169,no,3,male,38.5,0,0,7.25,S
1170,no,3,male,,8,2,69.55,S
1171,no,3,male,14.5,8,2,69.55,S
1172,no,3,female,,8,2,69.55,S
1173,no,3,female,,8,2,69.55,S
1174,no,3,female,,8,2,69.55,S
1175,no,3,female,,8,2,69.55,S
1176,no,3,male,,8,2,69.55,S
1177,no,3,male,,8,2,69.55,S
1178,no,3,male,,8,2,69.55,S
1179,no,3,male,,1,9,69.55,S
1180,no,3,female,,1,9,69.55,S
1181,no,3,male,24.0,0,0,9.325,S
1182,yes,3,female,21.0,0,0,7.65,S
1183,no,3,male,39.0,0,0,7.925,S
1184,no,3,male,,2,0,21.6792,C
1185,no,3,male,,2,0,21.6792,C
1186,no,3,male,,2,0,21.6792,C
1187,yes,3,female,1.0,1,1,16.7,S
1188,yes,3,female,24.0,0,2,16.7,S
1189,yes,3,female,4.0,1,1,16.7,S
1190,yes,3,male,25.0,0,0,9.5,S
1191,no,3,male,20.0,0,0,8.05,S
1192,no,3,male,24.5,0,0,8.05,S
1193,no,3,male,,0,0,7.725,Q
1194,no,3,male,,0,0,7.8958,S
1195,no,3,male,,0,0,7.75,Q
1196,yes,3,male,29.0,0,0,9.5,S
1197,no,3,male,,0,0,15.1,S
1198,yes,3,female,,0,0,7.7792,Q
1199,no,3,male,,0,0,8.05,S
1200,no,3,male,,0,0,8.05,S
1201,no,3,male,22.0,0,0,7.2292,C
1202,no,3,male,,0,0,8.05,S
1203,no,3,male,40.0,0,0,7.8958,S
1204,no,3,male,21.0,0,0,7.925,S
1205,yes,3,female,18.0,0,0,7.4958,S
1206,no,3,male,4.0,3,2,27.9,S
1207,no,3,male,10.0,3,2,27.9,S
1208,no,3,female,9.0,3,2,27.9,S
1209,no,3,female,2.0,3,2,27.9,S
1210,no,3,male,40.0,1,4,27.9,S
1211,no,3,female,45.0,1,4,27.9,S
1212,no,3,male,,0,0,7.8958,S
1213,no,3,male,,0,0,8.05,S
1214,no,3,male,,0,0,8.6625,S
1215,no,3,male,,0,0,7.75,Q
1216,yes,3,female,,0,0,7.7333,Q
1217,no,3,male,19.0,0,0,7.65,S
1218,no,3,male,30.0,0,0,8.05,S
1219,no,3,male,,0,0,8.05,S
1220,no,3,male,32.0,0,0,8.05,S
1221,no,3,male,,0,0,7.8958,S
1222,no,3,male,33.0,0,0,8.6625,C
1223,yes,3,female,23.0,0,0,7.55,S
1224,no,3,male,21.0,0,0,8.05,S
1225,no,3,male,60.5,0,0,,S
1226,no,3,male,19.0,0,0,7.8958,S
1227,no,3,female,22.0,0,0,9.8375,S
1228,yes,3,male,31.0,0,0,7.925,S
1229,no,3,male,27.0,0,0,8.6625,S
1230,no,3,female,2.0,0,1,10.4625,S
1231,no,3,female,29.0,1,1,10.4625,S
1232,yes,3,male,16.0,0,0,8.05,S
1233,yes,3,male,44.0,0,0,7.925,S
1234,no,3,male,25.0,0,0,7.05,S
1235,no,3,male,74.0,0,0,7.775,S
1236,yes,3,male,14.0,0,0,9.225,S
1237,no,3,male,24.0,0,0,7.7958,S
1238,yes,3,male,25.0,0,0,7.7958,S
1239,no,3,male,34.0,0,0,8.05,S
1240,yes,3,male,0.4167,0,1,8.5167,C
1241,no,3,male,,1,0,6.4375,C
1242,no,3,male,,0,0,6.4375,C
1243,no,3,male,,0,0,7.225,C
1244,yes,3,female,16.0,1,1,8.5167,C
1245,no,3,male,,0,0,8.05,S
1246,no,3,male,,1,0,16.1,S
1247,yes,3,female,,1,0,16.1,S
1248,no,3,male,32.0,0,0,7.925,S
1249,no,3,male,,0,0,7.75,Q
1250,no,3,male,,0,0,7.8958,S
1251,no,3,male,30.5,0,0,8.05,S
1252,no,3,male,44.0,0,0,8.05,S
1253,no,3,male,,0,0,7.2292,C
1254,yes,3,male,25.0,0,0,0.0,S
1255,no,3,male,,0,0,7.2292,C
1256,yes,3,male,7.0,1,1,15.2458,C
1257,yes,3,female,9.0,1,1,15.2458,C
1258,yes,3,female,29.0,0,2,15.2458,C
1259,no,3,male,36.0,0,0,7.8958,S
1260,yes,3,female,18.0,0,0,9.8417,S
1261,yes,3,female,63.0,0,0,9.5875,S
1262,no,3,male,,1,1,14.5,S
1263,no,3,male,11.5,1,1,14.5,S
1264,no,3,male,40.5,0,2,14.5,S
1265,no,3,female,10.0,0,2,24.15,S
1266,no,3,male,36.0,1,1,24.15,S
1267,no,3,female,30.0,1,1,24.15,S
1268,no,3,male,,0,0,9.5,S
1269,no,3,male,33.0,0,0,9.5,S
1270,no,3,male,28.0,0,0,9.5,S
1271,no,3,male,28.0,0,0,9.5,S
1272,no,3,male,47.0,0,0,9.0,S
1273,no,3,female,18.0,2,0,18.0,S
1274,no,3,male,31.0,3,0,18.0,S
1275,no,3,male,16.0,2,0,18.0,S
1276,no,3,female,31.0,1,0,18.0,S
1277,yes,3,male,22.0,0,0,7.225,C
1278,no,3,male,20.0,0,0,7.8542,S
1279,no,3,female,14.0,0,0,7.8542,S
1280,no,3,male,22.0,0,0,7.8958,S
1281,no,3,male,22.0,0,0,9.0,S
1282,no,3,male,,0,0,8.05,S
1283,no,3,male,,0,0,7.55,S
1284,no,3,male,,0,0,8.05,S
1285,no,3,male,32.5,0,0,9.5,S
1286,yes,3,female,38.0,0,0,7.2292,C
1287,no,3,male,51.0,0,0,7.75,S
1288,no,3,male,18.0,1,0,6.4958,S
1289,no,3,male,21.0,1,0,6.4958,S
1290,yes,3,female,47.0,1,0,7.0,S
1291,no,3,male,,0,0,8.7125,S
1292,no,3,male,,0,0,7.55,S
1293,no,3,male,,0,0,8.05,S
1294,no,3,male,28.5,0,0,16.1,S
1295,no,3,male,21.0,0,0,7.25,S
1296,no,3,male,27.0,0,0,8.6625,S
1297,no,3,male,,0,0,7.25,S
1298,no,3,male,36.0,0,0,9.5,S
1299,no,3,male,27.0,1,0,14.4542,C
1300,yes,3,female,15.0,1,0,14.4542,C
1301,no,3,male,45.5,0,0,7.225,C
1302,no,3,male,,0,0,7.225,C
1303,no,3,male,,0,0,14.4583,C
1304,no,3,female,14.5,1,0,14.4542,C
1305,no,3,female,,1,0,14.4542,C
1306,no,3,male,26.5,0,0,7.225,C
1307,no,3,male,27.0,0,0,7.225,C
1308,no,3,male,29.0,0,0,7.875,S
